investor_id,sip_count,avg_gap,status
INV000011,6,40.166666666666664,At-Risk
INV000012,7,57.0,At-Risk
INV000013,6,55.333333333333336,At-Risk
INV000014,6,75.33333333333333,At-Risk
INV000023,7,58.57142857142857,At-Risk
INV000029,6,60.666666666666664,At-Risk
INV000030,8,47.625,At-Risk
INV000033,7,45.57142857142857,At-Risk
INV000048,8,46.0,At-Risk
INV000057,7,49.714285714285715,At-Risk
INV000069,9,49.111111111111114,At-Risk
INV000073,8,48.25,At-Risk
INV000074,7,72.57142857142857,At-Risk
INV000081,6,81.33333333333333,At-Risk
INV000082,6,83.66666666666667,At-Risk
INV000086,9,44.666666666666664,At-Risk
INV000091,7,44.0,At-Risk
INV000093,6,55.5,At-Risk
INV000097,6,54.5,At-Risk
INV000101,7,65.0,At-Risk
INV000102,7,65.28571428571429,At-Risk
INV000105,7,57.0,At-Risk
INV000109,8,46.25,At-Risk
INV000113,7,46.0,At-Risk
INV000123,6,59.666666666666664,At-Risk
INV000131,6,56.0,At-Risk
INV000148,8,52.0,At-Risk
INV000155,6,37.333333333333336,At-Risk
INV000161,6,73.0,At-Risk
INV000163,7,61.0,At-Risk
INV000169,6,67.83333333333333,At-Risk
INV000173,6,57.666666666666664,At-Risk
INV000175,6,83.66666666666667,At-Risk
INV000177,7,65.42857142857143,At-Risk
INV000183,8,56.125,At-Risk
INV000191,6,56.5,At-Risk
INV000194,6,58.0,At-Risk
INV000196,6,69.0,At-Risk
INV000201,8,51.125,At-Risk
INV000205,7,62.57142857142857,At-Risk
INV000210,7,70.71428571428571,At-Risk
INV000228,8,59.75,At-Risk
INV000236,7,67.14285714285714,At-Risk
INV000239,7,48.857142857142854,At-Risk
INV000249,6,45.5,At-Risk
INV000260,7,59.57142857142857,At-Risk
INV000262,7,53.57142857142857,At-Risk
INV000263,7,68.42857142857143,At-Risk
INV000265,9,53.44444444444444,At-Risk
INV000268,6,62.333333333333336,At-Risk
INV000279,8,43.375,At-Risk
INV000280,8,55.75,At-Risk
INV000287,6,69.83333333333333,At-Risk
INV000289,7,62.714285714285715,At-Risk
INV000292,6,46.0,At-Risk
INV000293,6,47.0,At-Risk
INV000304,6,70.0,At-Risk
INV000309,7,52.0,At-Risk
INV000310,6,75.83333333333333,At-Risk
INV000319,6,73.5,At-Risk
INV000321,6,72.83333333333333,At-Risk
INV000328,8,37.5,At-Risk
INV000331,7,50.714285714285715,At-Risk
INV000334,6,25.5,Healthy
INV000341,7,54.42857142857143,At-Risk
INV000359,8,54.125,At-Risk
INV000363,6,77.0,At-Risk
INV000371,7,59.285714285714285,At-Risk
INV000372,6,54.5,At-Risk
INV000388,8,53.625,At-Risk
INV000392,6,77.16666666666667,At-Risk
INV000395,6,55.666666666666664,At-Risk
INV000399,9,49.55555555555556,At-Risk
INV000412,7,43.714285714285715,At-Risk
INV000414,7,66.28571428571429,At-Risk
INV000415,6,66.16666666666667,At-Risk
INV000427,6,68.5,At-Risk
INV000428,7,52.142857142857146,At-Risk
INV000440,7,69.57142857142857,At-Risk
INV000445,8,57.75,At-Risk
INV000452,8,49.375,At-Risk
INV000463,6,65.16666666666667,At-Risk
INV000466,6,73.33333333333333,At-Risk
INV000467,9,56.666666666666664,At-Risk
INV000469,6,70.5,At-Risk
INV000483,7,70.42857142857143,At-Risk
INV000493,9,47.55555555555556,At-Risk
INV000497,6,71.83333333333333,At-Risk
INV000499,6,77.83333333333333,At-Risk
INV000507,6,70.16666666666667,At-Risk
INV000512,8,54.75,At-Risk
INV000524,6,55.0,At-Risk
INV000531,6,47.0,At-Risk
INV000539,6,77.0,At-Risk
INV000540,6,73.5,At-Risk
INV000543,6,83.66666666666667,At-Risk
INV000546,8,55.0,At-Risk
INV000556,7,52.42857142857143,At-Risk
INV000563,6,76.33333333333333,At-Risk
INV000566,6,35.0,Healthy
INV000570,7,67.28571428571429,At-Risk
INV000573,6,50.833333333333336,At-Risk
INV000578,6,66.83333333333333,At-Risk
INV000581,6,78.33333333333333,At-Risk
INV000586,6,44.5,At-Risk
INV000589,8,59.125,At-Risk
INV000591,6,64.5,At-Risk
INV000596,8,51.75,At-Risk
INV000599,6,81.5,At-Risk
INV000607,6,66.66666666666667,At-Risk
INV000612,10,49.3,At-Risk
INV000615,6,55.833333333333336,At-Risk
INV000624,6,31.666666666666668,Healthy
INV000630,6,68.66666666666667,At-Risk
INV000634,8,52.25,At-Risk
INV000642,8,53.5,At-Risk
INV000646,6,62.333333333333336,At-Risk
INV000657,7,64.71428571428571,At-Risk
INV000662,7,66.14285714285714,At-Risk
INV000665,9,36.22222222222222,At-Risk
INV000676,10,35.3,At-Risk
INV000678,6,63.333333333333336,At-Risk
INV000683,8,54.5,At-Risk
INV000690,7,56.285714285714285,At-Risk
INV000698,8,52.25,At-Risk
INV000701,6,83.66666666666667,At-Risk
INV000707,8,34.375,Healthy
INV000709,6,65.16666666666667,At-Risk
INV000714,8,37.0,At-Risk
INV000718,6,57.833333333333336,At-Risk
INV000719,6,72.83333333333333,At-Risk
INV000725,6,67.66666666666667,At-Risk
INV000734,7,64.0,At-Risk
INV000750,8,26.5,Healthy
INV000751,8,53.0,At-Risk
INV000754,6,72.33333333333333,At-Risk
INV000759,6,83.0,At-Risk
INV000761,6,75.16666666666667,At-Risk
INV000768,7,60.0,At-Risk
INV000774,6,73.66666666666667,At-Risk
INV000776,7,59.42857142857143,At-Risk
INV000778,7,59.714285714285715,At-Risk
INV000786,8,64.125,At-Risk
INV000789,7,55.142857142857146,At-Risk
INV000793,7,69.14285714285714,At-Risk
INV000803,6,77.16666666666667,At-Risk
INV000822,6,55.5,At-Risk
INV000823,6,39.666666666666664,At-Risk
INV000827,7,58.285714285714285,At-Risk
INV000833,7,67.28571428571429,At-Risk
INV000844,6,66.16666666666667,At-Risk
INV000853,9,49.333333333333336,At-Risk
INV000854,8,61.25,At-Risk
INV000858,8,44.875,At-Risk
INV000865,8,45.75,At-Risk
INV000873,6,73.5,At-Risk
INV000874,8,62.125,At-Risk
INV000881,9,46.111111111111114,At-Risk
INV000887,6,65.66666666666667,At-Risk
INV000888,6,80.33333333333333,At-Risk
INV000893,6,59.5,At-Risk
INV000929,6,58.166666666666664,At-Risk
INV000930,7,32.42857142857143,Healthy
INV000935,8,30.875,Healthy
INV000939,7,60.57142857142857,At-Risk
INV000942,6,53.0,At-Risk
INV000949,6,67.5,At-Risk
INV000971,6,46.833333333333336,At-Risk
INV000974,6,73.5,At-Risk
INV000977,9,48.77777777777778,At-Risk
INV000980,7,44.42857142857143,At-Risk
INV000986,6,60.833333333333336,At-Risk
INV001001,7,60.285714285714285,At-Risk
INV001002,6,41.666666666666664,At-Risk
INV001008,6,64.66666666666667,At-Risk
INV001019,8,44.875,At-Risk
INV001021,6,68.66666666666667,At-Risk
INV001023,7,72.42857142857143,At-Risk
INV001037,9,42.0,At-Risk
INV001041,6,83.0,At-Risk
INV001047,6,66.16666666666667,At-Risk
INV001048,7,47.0,At-Risk
INV001051,7,54.142857142857146,At-Risk
INV001053,7,55.857142857142854,At-Risk
INV001060,8,53.375,At-Risk
INV001061,8,51.125,At-Risk
INV001063,7,43.285714285714285,At-Risk
INV001064,8,59.5,At-Risk
INV001069,7,41.285714285714285,At-Risk
INV001092,6,77.33333333333333,At-Risk
INV001099,7,26.142857142857142,Healthy
INV001102,6,55.333333333333336,At-Risk
INV001116,8,58.125,At-Risk
INV001117,7,61.714285714285715,At-Risk
INV001130,6,76.83333333333333,At-Risk
INV001137,6,57.0,At-Risk
INV001142,6,42.833333333333336,At-Risk
INV001160,7,57.57142857142857,At-Risk
INV001163,6,67.33333333333333,At-Risk
INV001178,6,79.66666666666667,At-Risk
INV001181,7,67.42857142857143,At-Risk
INV001195,7,53.42857142857143,At-Risk
INV001202,7,58.0,At-Risk
INV001208,6,51.833333333333336,At-Risk
INV001210,8,36.875,At-Risk
INV001217,7,60.142857142857146,At-Risk
INV001219,7,50.857142857142854,At-Risk
INV001220,6,77.16666666666667,At-Risk
INV001223,6,70.83333333333333,At-Risk
INV001234,7,60.57142857142857,At-Risk
INV001235,8,59.0,At-Risk
INV001238,6,68.5,At-Risk
INV001262,6,44.833333333333336,At-Risk
INV001274,6,73.33333333333333,At-Risk
INV001275,6,66.66666666666667,At-Risk
INV001288,6,45.666666666666664,At-Risk
INV001295,8,50.75,At-Risk
INV001298,6,71.83333333333333,At-Risk
INV001299,8,51.25,At-Risk
INV001308,8,54.625,At-Risk
INV001314,9,50.44444444444444,At-Risk
INV001315,6,51.833333333333336,At-Risk
INV001318,9,46.22222222222222,At-Risk
INV001326,7,69.42857142857143,At-Risk
INV001332,6,80.0,At-Risk
INV001333,6,78.66666666666667,At-Risk
INV001336,7,65.85714285714286,At-Risk
INV001348,6,47.833333333333336,At-Risk
INV001351,6,70.5,At-Risk
INV001359,6,72.5,At-Risk
INV001361,6,50.5,At-Risk
INV001375,6,78.5,At-Risk
INV001376,6,78.66666666666667,At-Risk
INV001383,7,56.142857142857146,At-Risk
INV001387,8,57.25,At-Risk
INV001394,7,63.57142857142857,At-Risk
INV001406,9,47.666666666666664,At-Risk
INV001415,7,68.14285714285714,At-Risk
INV001423,7,48.57142857142857,At-Risk
INV001442,8,57.125,At-Risk
INV001454,6,73.0,At-Risk
INV001455,7,64.71428571428571,At-Risk
INV001458,6,59.833333333333336,At-Risk
INV001485,8,55.0,At-Risk
INV001497,8,63.0,At-Risk
INV001504,8,54.25,At-Risk
INV001510,6,66.83333333333333,At-Risk
INV001514,6,51.833333333333336,At-Risk
INV001530,6,64.66666666666667,At-Risk
INV001532,6,56.833333333333336,At-Risk
INV001536,6,69.0,At-Risk
INV001547,6,72.16666666666667,At-Risk
INV001550,6,79.0,At-Risk
INV001562,9,44.22222222222222,At-Risk
INV001564,7,55.714285714285715,At-Risk
INV001579,6,75.0,At-Risk
INV001580,6,45.666666666666664,At-Risk
INV001587,6,65.0,At-Risk
INV001597,6,56.0,At-Risk
INV001603,6,54.5,At-Risk
INV001605,7,60.57142857142857,At-Risk
INV001606,6,67.66666666666667,At-Risk
INV001616,8,53.0,At-Risk
INV001628,7,51.714285714285715,At-Risk
INV001629,6,67.5,At-Risk
INV001636,8,48.875,At-Risk
INV001649,9,51.666666666666664,At-Risk
INV001651,6,78.66666666666667,At-Risk
INV001654,6,56.0,At-Risk
INV001656,7,59.857142857142854,At-Risk
INV001672,8,34.0,Healthy
INV001673,10,49.3,At-Risk
INV001680,8,58.875,At-Risk
INV001683,6,72.5,At-Risk
INV001690,6,81.16666666666667,At-Risk
INV001694,7,66.14285714285714,At-Risk
INV001697,8,62.5,At-Risk
INV001711,6,65.83333333333333,At-Risk
INV001715,7,68.28571428571429,At-Risk
INV001724,6,69.66666666666667,At-Risk
INV001728,7,50.57142857142857,At-Risk
INV001737,6,56.833333333333336,At-Risk
INV001738,8,47.5,At-Risk
INV001739,8,52.5,At-Risk
INV001744,6,78.5,At-Risk
INV001752,6,69.33333333333333,At-Risk
INV001753,10,42.8,At-Risk
INV001757,7,55.57142857142857,At-Risk
INV001759,9,49.55555555555556,At-Risk
INV001775,7,29.142857142857142,Healthy
INV001777,8,57.625,At-Risk
INV001778,7,63.57142857142857,At-Risk
INV001797,6,79.66666666666667,At-Risk
INV001800,6,49.666666666666664,At-Risk
INV001802,6,61.666666666666664,At-Risk
INV001804,7,55.857142857142854,At-Risk
INV001806,7,60.0,At-Risk
INV001811,8,54.25,At-Risk
INV001823,7,58.142857142857146,At-Risk
INV001828,7,44.42857142857143,At-Risk
INV001837,6,62.833333333333336,At-Risk
INV001853,7,47.42857142857143,At-Risk
INV001858,7,55.142857142857146,At-Risk
INV001865,6,63.5,At-Risk
INV001870,6,76.0,At-Risk
INV001871,6,55.0,At-Risk
INV001886,8,50.75,At-Risk
INV001909,7,62.142857142857146,At-Risk
INV001920,6,39.0,At-Risk
INV001921,7,68.57142857142857,At-Risk
INV001923,6,80.66666666666667,At-Risk
INV001924,6,59.166666666666664,At-Risk
INV001937,7,60.42857142857143,At-Risk
INV001938,8,43.0,At-Risk
INV001950,6,60.166666666666664,At-Risk
INV001951,6,58.833333333333336,At-Risk
INV001971,7,54.714285714285715,At-Risk
INV001972,7,42.42857142857143,At-Risk
INV001986,6,47.666666666666664,At-Risk
INV001987,6,67.0,At-Risk
INV001990,7,45.285714285714285,At-Risk
INV002017,6,44.666666666666664,At-Risk
INV002025,6,55.833333333333336,At-Risk
INV002033,6,55.0,At-Risk
INV002034,7,69.0,At-Risk
INV002052,6,44.166666666666664,At-Risk
INV002069,9,47.55555555555556,At-Risk
INV002070,6,81.33333333333333,At-Risk
INV002083,9,51.666666666666664,At-Risk
INV002092,6,33.5,Healthy
INV002107,7,71.14285714285714,At-Risk
INV002111,7,62.42857142857143,At-Risk
INV002121,6,68.5,At-Risk
INV002122,6,40.333333333333336,At-Risk
INV002134,6,82.66666666666667,At-Risk
INV002142,8,45.5,At-Risk
INV002143,7,63.57142857142857,At-Risk
INV002149,7,42.285714285714285,At-Risk
INV002151,8,60.375,At-Risk
INV002153,6,67.83333333333333,At-Risk
INV002157,6,58.5,At-Risk
INV002162,8,58.375,At-Risk
INV002171,6,55.833333333333336,At-Risk
INV002177,6,73.0,At-Risk
INV002178,7,66.42857142857143,At-Risk
INV002179,7,54.142857142857146,At-Risk
INV002182,6,70.5,At-Risk
INV002186,6,74.83333333333333,At-Risk
INV002187,6,67.83333333333333,At-Risk
INV002195,8,49.25,At-Risk
INV002196,7,62.142857142857146,At-Risk
INV002198,8,43.0,At-Risk
INV002199,6,50.833333333333336,At-Risk
INV002202,7,70.42857142857143,At-Risk
INV002206,6,49.0,At-Risk
INV002208,6,71.33333333333333,At-Risk
INV002211,6,63.833333333333336,At-Risk
INV002216,7,61.714285714285715,At-Risk
INV002219,7,70.85714285714286,At-Risk
INV002230,7,57.57142857142857,At-Risk
INV002232,6,69.16666666666667,At-Risk
INV002236,6,73.66666666666667,At-Risk
INV002237,6,51.666666666666664,At-Risk
INV002240,6,77.83333333333333,At-Risk
INV002241,6,65.66666666666667,At-Risk
INV002259,6,45.333333333333336,At-Risk
INV002265,6,63.166666666666664,At-Risk
INV002277,6,67.33333333333333,At-Risk
INV002280,6,71.66666666666667,At-Risk
INV002294,7,48.714285714285715,At-Risk
INV002295,6,64.5,At-Risk
INV002304,9,42.55555555555556,At-Risk
INV002315,6,71.83333333333333,At-Risk
INV002319,6,60.0,At-Risk
INV002329,6,57.0,At-Risk
INV002343,8,57.75,At-Risk
INV002347,8,40.5,At-Risk
INV002357,6,68.33333333333333,At-Risk
INV002360,8,56.125,At-Risk
INV002367,6,52.5,At-Risk
INV002368,6,61.166666666666664,At-Risk
INV002370,6,70.16666666666667,At-Risk
INV002373,7,70.14285714285714,At-Risk
INV002384,9,39.111111111111114,At-Risk
INV002389,9,50.77777777777778,At-Risk
INV002400,8,55.375,At-Risk
INV002401,7,59.142857142857146,At-Risk
INV002402,6,47.166666666666664,At-Risk
INV002407,6,47.833333333333336,At-Risk
INV002409,7,55.57142857142857,At-Risk
INV002413,7,53.0,At-Risk
INV002415,7,57.42857142857143,At-Risk
INV002417,6,83.33333333333333,At-Risk
INV002422,9,50.333333333333336,At-Risk
INV002437,6,49.166666666666664,At-Risk
INV002445,7,38.142857142857146,At-Risk
INV002453,6,63.0,At-Risk
INV002459,7,53.714285714285715,At-Risk
INV002466,6,80.66666666666667,At-Risk
INV002467,7,38.857142857142854,At-Risk
INV002475,9,49.666666666666664,At-Risk
INV002490,7,70.0,At-Risk
INV002497,7,67.28571428571429,At-Risk
INV002508,8,51.625,At-Risk
INV002509,9,33.666666666666664,Healthy
INV002510,6,64.33333333333333,At-Risk
INV002527,6,49.666666666666664,At-Risk
INV002530,7,71.42857142857143,At-Risk
INV002531,6,76.33333333333333,At-Risk
INV002543,6,74.66666666666667,At-Risk
INV002552,9,48.22222222222222,At-Risk
INV002554,6,49.666666666666664,At-Risk
INV002555,6,72.0,At-Risk
INV002557,6,67.16666666666667,At-Risk
INV002568,7,61.57142857142857,At-Risk
INV002570,6,62.0,At-Risk
INV002572,7,55.714285714285715,At-Risk
INV002575,8,56.125,At-Risk
INV002590,9,50.22222222222222,At-Risk
INV002598,8,51.375,At-Risk
INV002602,7,66.0,At-Risk
INV002613,7,65.0,At-Risk
INV002622,6,76.66666666666667,At-Risk
INV002632,7,65.57142857142857,At-Risk
INV002640,6,70.0,At-Risk
INV002645,6,45.166666666666664,At-Risk
INV002654,7,61.857142857142854,At-Risk
INV002659,6,62.333333333333336,At-Risk
INV002666,6,53.166666666666664,At-Risk
INV002671,6,77.16666666666667,At-Risk
INV002673,7,65.0,At-Risk
INV002675,7,63.857142857142854,At-Risk
INV002681,6,83.66666666666667,At-Risk
INV002688,8,37.0,At-Risk
INV002689,7,50.0,At-Risk
INV002693,6,45.833333333333336,At-Risk
INV002697,6,55.333333333333336,At-Risk
INV002700,6,79.83333333333333,At-Risk
INV002704,7,59.142857142857146,At-Risk
INV002705,7,22.571428571428573,Healthy
INV002711,7,65.57142857142857,At-Risk
INV002712,10,46.8,At-Risk
INV002723,8,37.75,At-Risk
INV002726,7,45.57142857142857,At-Risk
INV002732,7,70.71428571428571,At-Risk
INV002733,7,51.57142857142857,At-Risk
INV002735,6,68.16666666666667,At-Risk
INV002737,7,58.42857142857143,At-Risk
INV002744,9,52.888888888888886,At-Risk
INV002746,7,68.0,At-Risk
INV002751,6,41.5,At-Risk
INV002767,6,55.333333333333336,At-Risk
INV002769,6,82.0,At-Risk
INV002772,6,74.5,At-Risk
INV002783,6,64.0,At-Risk
INV002786,6,76.33333333333333,At-Risk
INV002793,6,59.333333333333336,At-Risk
INV002794,6,56.166666666666664,At-Risk
INV002800,6,63.5,At-Risk
INV002803,6,64.83333333333333,At-Risk
INV002804,7,59.857142857142854,At-Risk
INV002808,6,59.666666666666664,At-Risk
INV002810,7,32.285714285714285,Healthy
INV002813,6,49.0,At-Risk
INV002822,6,53.0,At-Risk
INV002824,6,71.83333333333333,At-Risk
INV002835,6,82.33333333333333,At-Risk
INV002838,7,56.714285714285715,At-Risk
INV002843,7,43.142857142857146,At-Risk
INV002847,9,52.666666666666664,At-Risk
INV002850,6,53.166666666666664,At-Risk
INV002859,6,76.5,At-Risk
INV002879,6,72.16666666666667,At-Risk
INV002886,6,44.333333333333336,At-Risk
INV002891,7,72.71428571428571,At-Risk
INV002893,8,50.0,At-Risk
INV002904,6,49.333333333333336,At-Risk
INV002909,6,82.33333333333333,At-Risk
INV002913,6,73.66666666666667,At-Risk
INV002915,7,49.285714285714285,At-Risk
INV002921,6,53.333333333333336,At-Risk
INV002927,7,40.285714285714285,At-Risk
INV002935,6,48.0,At-Risk
INV002937,6,67.16666666666667,At-Risk
INV002939,6,60.5,At-Risk
INV002942,8,55.5,At-Risk
INV002945,7,65.0,At-Risk
INV002947,6,64.16666666666667,At-Risk
INV002950,7,45.857142857142854,At-Risk
INV002951,6,51.833333333333336,At-Risk
INV002961,6,84.66666666666667,At-Risk
INV002974,6,51.333333333333336,At-Risk
INV002994,6,58.166666666666664,At-Risk
INV003000,6,67.0,At-Risk
INV003003,8,58.25,At-Risk
INV003005,7,53.142857142857146,At-Risk
INV003007,8,48.25,At-Risk
INV003009,8,38.125,At-Risk
INV003011,6,64.16666666666667,At-Risk
INV003015,6,54.666666666666664,At-Risk
INV003025,7,35.285714285714285,At-Risk
INV003036,7,57.714285714285715,At-Risk
INV003037,6,79.5,At-Risk
INV003043,6,73.83333333333333,At-Risk
INV003044,6,71.16666666666667,At-Risk
INV003047,7,70.14285714285714,At-Risk
INV003054,6,78.66666666666667,At-Risk
INV003060,6,79.0,At-Risk
INV003063,6,57.833333333333336,At-Risk
INV003070,8,54.5,At-Risk
INV003075,7,57.42857142857143,At-Risk
INV003078,6,69.16666666666667,At-Risk
INV003082,7,46.42857142857143,At-Risk
INV003091,8,50.875,At-Risk
INV003097,7,62.714285714285715,At-Risk
INV003105,6,65.5,At-Risk
INV003113,7,66.85714285714286,At-Risk
INV003117,7,66.57142857142857,At-Risk
INV003134,6,76.83333333333333,At-Risk
INV003139,6,55.166666666666664,At-Risk
INV003140,7,57.0,At-Risk
INV003141,6,67.5,At-Risk
INV003144,6,82.5,At-Risk
INV003146,8,59.5,At-Risk
INV003153,6,40.666666666666664,At-Risk
INV003158,8,55.625,At-Risk
INV003179,8,56.25,At-Risk
INV003187,8,58.25,At-Risk
INV003189,8,55.125,At-Risk
INV003196,6,80.33333333333333,At-Risk
INV003205,6,67.66666666666667,At-Risk
INV003211,6,69.0,At-Risk
INV003215,6,60.833333333333336,At-Risk
INV003221,6,61.166666666666664,At-Risk
INV003222,6,81.5,At-Risk
INV003223,7,67.71428571428571,At-Risk
INV003228,6,70.16666666666667,At-Risk
INV003230,6,67.5,At-Risk
INV003231,6,83.0,At-Risk
INV003236,8,51.125,At-Risk
INV003242,6,61.0,At-Risk
INV003256,6,51.0,At-Risk
INV003271,6,61.166666666666664,At-Risk
INV003273,7,60.142857142857146,At-Risk
INV003277,7,53.714285714285715,At-Risk
INV003279,8,63.375,At-Risk
INV003289,6,64.83333333333333,At-Risk
INV003301,8,59.375,At-Risk
INV003304,9,44.22222222222222,At-Risk
INV003308,8,56.75,At-Risk
INV003311,8,48.0,At-Risk
INV003314,6,73.5,At-Risk
INV003317,7,44.142857142857146,At-Risk
INV003320,7,45.285714285714285,At-Risk
INV003336,6,72.33333333333333,At-Risk
INV003338,8,37.5,At-Risk
INV003352,7,68.14285714285714,At-Risk
INV003360,7,59.42857142857143,At-Risk
INV003370,6,63.333333333333336,At-Risk
INV003374,6,56.5,At-Risk
INV003375,7,52.714285714285715,At-Risk
INV003379,6,75.16666666666667,At-Risk
INV003393,7,63.714285714285715,At-Risk
INV003398,7,55.42857142857143,At-Risk
INV003404,7,50.285714285714285,At-Risk
INV003405,7,41.0,At-Risk
INV003406,7,59.0,At-Risk
INV003407,7,57.42857142857143,At-Risk
INV003422,6,84.66666666666667,At-Risk
INV003424,6,73.16666666666667,At-Risk
INV003432,6,61.333333333333336,At-Risk
INV003435,6,73.83333333333333,At-Risk
INV003448,6,74.5,At-Risk
INV003450,9,47.666666666666664,At-Risk
INV003455,6,35.5,At-Risk
INV003457,6,60.5,At-Risk
INV003458,7,67.85714285714286,At-Risk
INV003475,8,56.0,At-Risk
INV003478,8,56.625,At-Risk
INV003479,7,65.71428571428571,At-Risk
INV003491,8,59.125,At-Risk
INV003495,9,49.22222222222222,At-Risk
INV003506,6,67.0,At-Risk
INV003509,8,60.875,At-Risk
INV003511,7,65.57142857142857,At-Risk
INV003524,6,64.16666666666667,At-Risk
INV003528,8,58.625,At-Risk
INV003534,7,52.714285714285715,At-Risk
INV003558,6,39.166666666666664,At-Risk
INV003559,9,48.333333333333336,At-Risk
INV003562,6,80.5,At-Risk
INV003564,7,71.0,At-Risk
INV003580,6,72.16666666666667,At-Risk
INV003581,7,51.285714285714285,At-Risk
INV003582,6,49.333333333333336,At-Risk
INV003586,7,54.285714285714285,At-Risk
INV003598,7,68.0,At-Risk
INV003601,8,45.25,At-Risk
INV003611,6,68.83333333333333,At-Risk
INV003613,7,67.42857142857143,At-Risk
INV003627,6,59.166666666666664,At-Risk
INV003630,6,52.0,At-Risk
INV003635,9,47.111111111111114,At-Risk
INV003641,7,67.0,At-Risk
INV003642,6,53.166666666666664,At-Risk
INV003650,10,33.9,Healthy
INV003654,6,60.5,At-Risk
INV003655,9,49.77777777777778,At-Risk
INV003658,7,70.71428571428571,At-Risk
INV003669,6,53.5,At-Risk
INV003670,7,70.85714285714286,At-Risk
INV003673,7,68.85714285714286,At-Risk
INV003681,8,51.0,At-Risk
INV003693,6,71.33333333333333,At-Risk
INV003695,6,51.666666666666664,At-Risk
INV003697,6,76.66666666666667,At-Risk
INV003702,6,72.66666666666667,At-Risk
INV003708,6,60.5,At-Risk
INV003713,6,81.5,At-Risk
INV003722,6,50.666666666666664,At-Risk
INV003724,6,68.0,At-Risk
INV003734,7,59.0,At-Risk
INV003735,7,45.857142857142854,At-Risk
INV003736,6,77.16666666666667,At-Risk
INV003740,6,51.833333333333336,At-Risk
INV003741,6,67.66666666666667,At-Risk
INV003748,7,56.142857142857146,At-Risk
INV003757,6,81.83333333333333,At-Risk
INV003761,7,51.857142857142854,At-Risk
INV003766,7,65.28571428571429,At-Risk
INV003767,8,47.5,At-Risk
INV003771,9,50.77777777777778,At-Risk
INV003772,8,34.5,Healthy
INV003780,7,57.42857142857143,At-Risk
INV003781,6,64.83333333333333,At-Risk
INV003787,8,63.25,At-Risk
INV003793,6,72.33333333333333,At-Risk
INV003795,6,67.66666666666667,At-Risk
INV003811,6,78.66666666666667,At-Risk
INV003812,6,50.833333333333336,At-Risk
INV003815,6,72.5,At-Risk
INV003824,6,71.5,At-Risk
INV003828,6,30.666666666666668,Healthy
INV003829,9,48.55555555555556,At-Risk
INV003844,6,68.5,At-Risk
INV003847,7,50.0,At-Risk
INV003851,6,57.833333333333336,At-Risk
INV003862,6,60.166666666666664,At-Risk
INV003865,6,85.16666666666667,At-Risk
INV003872,8,45.375,At-Risk
INV003880,7,68.57142857142857,At-Risk
INV003892,9,55.22222222222222,At-Risk
INV003903,7,50.285714285714285,At-Risk
INV003905,6,62.5,At-Risk
INV003906,9,55.111111111111114,At-Risk
INV003913,7,61.42857142857143,At-Risk
INV003920,7,66.85714285714286,At-Risk
INV003938,6,52.5,At-Risk
INV003940,6,70.66666666666667,At-Risk
INV003943,8,42.5,At-Risk
INV003945,6,56.333333333333336,At-Risk
INV003946,6,69.16666666666667,At-Risk
INV003948,6,43.666666666666664,At-Risk
INV003952,6,54.666666666666664,At-Risk
INV003962,7,68.71428571428571,At-Risk
INV003964,9,51.22222222222222,At-Risk
INV003975,7,50.142857142857146,At-Risk
INV003978,7,68.14285714285714,At-Risk
INV003979,7,56.0,At-Risk
INV003981,6,67.66666666666667,At-Risk
INV004001,7,40.285714285714285,At-Risk
INV004004,9,40.77777777777778,At-Risk
INV004005,6,73.66666666666667,At-Risk
INV004007,6,38.833333333333336,At-Risk
INV004009,7,62.285714285714285,At-Risk
INV004014,8,61.875,At-Risk
INV004017,6,40.5,At-Risk
INV004023,9,52.0,At-Risk
INV004038,6,71.66666666666667,At-Risk
INV004063,7,56.57142857142857,At-Risk
INV004066,6,75.16666666666667,At-Risk
INV004070,6,67.66666666666667,At-Risk
INV004079,6,71.33333333333333,At-Risk
INV004085,6,68.33333333333333,At-Risk
INV004116,9,54.888888888888886,At-Risk
INV004125,8,61.625,At-Risk
INV004135,9,50.111111111111114,At-Risk
INV004151,7,63.142857142857146,At-Risk
INV004153,7,60.0,At-Risk
INV004154,11,46.72727272727273,At-Risk
INV004172,7,63.0,At-Risk
INV004175,7,67.85714285714286,At-Risk
INV004177,7,45.42857142857143,At-Risk
INV004191,6,77.16666666666667,At-Risk
INV004196,6,78.33333333333333,At-Risk
INV004202,8,47.625,At-Risk
INV004203,7,66.57142857142857,At-Risk
INV004212,6,69.33333333333333,At-Risk
INV004216,6,82.0,At-Risk
INV004228,6,72.33333333333333,At-Risk
INV004239,7,61.142857142857146,At-Risk
INV004241,9,53.666666666666664,At-Risk
INV004243,7,55.714285714285715,At-Risk
INV004246,6,34.166666666666664,Healthy
INV004248,6,42.666666666666664,At-Risk
INV004258,6,49.666666666666664,At-Risk
INV004266,6,61.833333333333336,At-Risk
INV004267,6,53.333333333333336,At-Risk
INV004270,6,69.66666666666667,At-Risk
INV004279,7,50.285714285714285,At-Risk
INV004281,7,41.714285714285715,At-Risk
INV004282,7,52.857142857142854,At-Risk
INV004285,6,76.16666666666667,At-Risk
INV004288,6,72.83333333333333,At-Risk
INV004289,10,45.9,At-Risk
INV004295,8,44.75,At-Risk
INV004297,8,41.875,At-Risk
INV004299,7,64.14285714285714,At-Risk
INV004306,6,57.0,At-Risk
INV004308,6,84.66666666666667,At-Risk
INV004319,8,60.5,At-Risk
INV004321,8,42.0,At-Risk
INV004324,6,77.66666666666667,At-Risk
INV004326,9,40.111111111111114,At-Risk
INV004332,7,64.71428571428571,At-Risk
INV004335,7,64.42857142857143,At-Risk
INV004338,9,48.888888888888886,At-Risk
INV004349,6,72.5,At-Risk
INV004357,7,72.42857142857143,At-Risk
INV004358,7,45.857142857142854,At-Risk
INV004361,7,61.57142857142857,At-Risk
INV004400,7,46.57142857142857,At-Risk
INV004401,7,69.85714285714286,At-Risk
INV004410,10,40.9,At-Risk
INV004412,6,82.33333333333333,At-Risk
INV004413,7,69.0,At-Risk
INV004414,7,53.857142857142854,At-Risk
INV004427,10,50.8,At-Risk
INV004447,6,49.833333333333336,At-Risk
INV004452,6,81.0,At-Risk
INV004459,6,53.833333333333336,At-Risk
INV004460,8,42.5,At-Risk
INV004464,6,62.5,At-Risk
INV004468,6,76.83333333333333,At-Risk
INV004472,6,50.666666666666664,At-Risk
INV004473,6,73.33333333333333,At-Risk
INV004475,6,67.83333333333333,At-Risk
INV004477,7,58.714285714285715,At-Risk
INV004502,6,74.5,At-Risk
INV004504,7,55.142857142857146,At-Risk
INV004521,6,54.5,At-Risk
INV004528,6,54.0,At-Risk
INV004531,7,60.0,At-Risk
INV004533,6,55.0,At-Risk
INV004542,6,34.0,Healthy
INV004547,6,67.5,At-Risk
INV004555,7,53.142857142857146,At-Risk
INV004560,8,48.375,At-Risk
INV004563,6,64.83333333333333,At-Risk
INV004574,7,54.57142857142857,At-Risk
INV004579,7,43.857142857142854,At-Risk
INV004581,7,72.14285714285714,At-Risk
INV004594,7,59.142857142857146,At-Risk
INV004602,8,59.625,At-Risk
INV004607,7,56.0,At-Risk
INV004608,7,55.0,At-Risk
INV004611,6,51.166666666666664,At-Risk
INV004617,8,39.25,At-Risk
INV004621,8,54.25,At-Risk
INV004629,7,64.57142857142857,At-Risk
INV004630,8,50.625,At-Risk
INV004631,7,64.71428571428571,At-Risk
INV004633,6,78.16666666666667,At-Risk
INV004635,6,58.666666666666664,At-Risk
INV004638,6,54.333333333333336,At-Risk
INV004640,6,68.33333333333333,At-Risk
INV004646,6,64.5,At-Risk
INV004647,6,70.66666666666667,At-Risk
INV004661,7,69.71428571428571,At-Risk
INV004672,6,72.0,At-Risk
INV004680,6,47.166666666666664,At-Risk
INV004682,8,42.25,At-Risk
INV004701,6,20.0,Healthy
INV004712,7,48.57142857142857,At-Risk
INV004715,6,56.833333333333336,At-Risk
INV004716,6,74.0,At-Risk
INV004737,9,54.55555555555556,At-Risk
INV004741,6,72.33333333333333,At-Risk
INV004755,6,61.166666666666664,At-Risk
INV004763,6,83.5,At-Risk
INV004770,7,72.85714285714286,At-Risk
INV004776,8,57.375,At-Risk
INV004780,6,69.5,At-Risk
INV004785,6,66.16666666666667,At-Risk
INV004787,6,72.33333333333333,At-Risk
INV004798,6,53.666666666666664,At-Risk
INV004805,6,44.666666666666664,At-Risk
INV004807,7,36.857142857142854,At-Risk
INV004819,6,62.0,At-Risk
INV004825,6,70.0,At-Risk
INV004834,8,38.625,At-Risk
INV004840,6,41.0,At-Risk
INV004843,7,50.857142857142854,At-Risk
INV004844,6,66.66666666666667,At-Risk
INV004847,6,73.5,At-Risk
INV004848,8,54.125,At-Risk
INV004863,6,68.0,At-Risk
INV004864,7,43.285714285714285,At-Risk
INV004865,6,76.33333333333333,At-Risk
INV004868,7,56.0,At-Risk
INV004871,7,69.14285714285714,At-Risk
INV004877,6,80.5,At-Risk
INV004889,6,70.66666666666667,At-Risk
INV004891,7,55.857142857142854,At-Risk
INV004911,6,63.666666666666664,At-Risk
INV004916,6,75.5,At-Risk
INV004917,6,51.0,At-Risk
INV004924,8,59.75,At-Risk
INV004925,6,70.83333333333333,At-Risk
INV004926,7,66.28571428571429,At-Risk
INV004927,6,34.166666666666664,Healthy
INV004953,6,67.16666666666667,At-Risk
INV004956,7,59.142857142857146,At-Risk
INV004958,6,73.16666666666667,At-Risk
INV004973,8,55.0,At-Risk
INV004974,7,52.42857142857143,At-Risk
INV004978,6,63.833333333333336,At-Risk
INV004981,7,49.142857142857146,At-Risk
INV004983,6,57.666666666666664,At-Risk
INV004984,6,75.33333333333333,At-Risk
INV004986,6,81.33333333333333,At-Risk
INV004992,6,81.5,At-Risk
INV004996,9,46.333333333333336,At-Risk
INV004997,6,71.0,At-Risk
